{
 "engine": "newton",
 "target": -2.799999952316284,
 "q0": 1.995912983498993e-12,
 "min_pos": -2.799994707107544,
 "max_overshoot_past_limit": 0.0,
 "final_pos": -2.799994707107544,
 "final_vel": -4.320013977121562e-05,
 "settle_time_s": 0.112,
 "traj_sampled_every_0p25s": [
  0.0,
  -2.8,
  -2.8,
  -2.8,
  -2.8,
  -2.8,
  -2.8,
  -2.8,
  -2.8,
  -2.8,
  -2.8,
  -2.8,
  -2.8,
  -2.8,
  -2.8,
  -2.8,
  -2.8,
  -2.8,
  -2.8,
  -2.8,
  -2.8,
  -2.8,
  -2.8,
  -2.8,
  -2.8,
  -2.8,
  -2.8,
  -2.8,
  -2.8,
  -2.8,
  -2.8,
  -2.8,
  -2.8,
  -2.8,
  -2.8,
  -2.8,
  -2.8,
  -2.8,
  -2.8,
  -2.8
 ]
}